Nome,Endereço,Status
Chopperia do Gordo,"R. Alfredo Schurig, 11 - Centro, Jacareí - SP, 12327-005",Aberto ⋅ Fecha às 23:00
Chopperia do Gordo,"R. Alfredo Schurig, 11 - Centro, Jacareí - SP, 12327-005",Aberto ⋅ Fecha às 23:00
Choperia Pizzaria Coleginho,"Rod. Nilo Máximo, 400 - Vila Zeze, Jacareí - SP, 12310-660",Aberto ⋅ Fecha às 23:00
Restaurante Rancho Mineiro,"Av. Avarei, 835 - Jardim Santa Maria, Jacareí - SP, 12328-320",Fechado ⋅ Abre qua. às 11:00
Choperia e Pizzaria do Portuga,"R. Jorge Madid, 82 - Centro, Jacareí - SP, 12308-270",Aberto ⋅ Fecha à 00:00
Restaurante e choperia do Patrão,"R. Dr. Lúcio Malta, 393 - Centro, Jacareí - SP, 12327-000",Aberto ⋅ Fecha às 18:00
Romanelli,"Av. Cel. Carlos Porto, 204 - e 216 - Centro, Jacareí - SP, 12327-280",Aberto ⋅ Fecha às 19:30
Restaurante São João,"Av. José Carlos Fernandes, 77 - Jardim Terras de Sao Joao, Jacareí - SP, 12324-784",Aberto ⋅ Fecha à 00:00
Casa Da Comida,"Av. Ver. Afonso Rosa da Silva, 477 - Jardim Santa Maria, Jacareí - SP, 12328-460",Aberto ⋅ Fecha às 22:00
Água Doce - Cachaçaria e Restaurante,"R. Batista Scavone, 259 - Centro, Jacareí - SP, 12327-130",Fechado ⋅ Abre às 17:30
Instituto Novos Sabores,"R. Guido Martins Moreira, 65 - Jardim Santa Maria, Jacareí - SP, 12328-340",Aberto ⋅ Fecha às 19:00
Minuano Jacareí - Restaurante,"R. Olímpio Catão, 500 - Centro, Jacareí - SP, 12308-051",Aberto ⋅ Fecha às 22:00
Portuga Villa Branca,"Lot. Villa Branca, Jacareí - SP, 12301-594",Aberto ⋅ Fecha à 00:00
Restaurante Damasco,"Praça Padre Anchieta, 81 - Centro, Jacareí - SP, 12327-200",Fechado ⋅ Abre qua. às 11:00
Restaurante Boas Vindas,"R. Antônio de Oliveira Filho, 36 - Cidade Nova Jacareí, Jacareí - SP, 12325-160",Aberto ⋅ Fecha às 22:00
Bar Abilio Jacareí,"Av. das Letras, 1285 - Vila Branca, Jacareí - SP, 12301-330",Aberto ⋅ Fecha às 23:00
Restaurante Viguetto,"Av. Maj. Acácio Ferreira, 412 - Jardim Leonidia, Jacareí - SP, 12327-530",Fechado ⋅ Abre qua. às 11:30
Estação do Suco,"R. Rui Barbosa, 281 - Centro, Jacareí - SP, 12308-031",Aberto ⋅ Fecha às 22:30
